1,https://online.fliphtml5.com/bhartistockcorner/nguk/files/large/40dfcfcd1ba0fe56930c0c5eea6f687e.webp?1760258332
2,https://online.fliphtml5.com/bhartistockcorner/nguk/files/large/b27bb8be52a8ea05249ac35f489b76e2.webp?1760258332
3,https://online.fliphtml5.com/bhartistockcorner/nguk/files/large/abd495177ed13d67a75be1803fcfaa2e.webp?1760258332
4,https://online.fliphtml5.com/bhartistockcorner/nguk/files/large/3b7ddbc78811f4c4d213293532a0fcdb.webp?1760258332
5,https://online.fliphtml5.com/bhartistockcorner/nguk/files/large/26538f3f17339227a5afddb3b88005a9.webp?1760258332
6,https://online.fliphtml5.com/bhartistockcorner/nguk/files/large/b33e7a0407586dc3c76f2d7ecdc57d24.webp?1760258332
7,https://online.fliphtml5.com/bhartistockcorner/nguk/files/large/a0348dbd2f17238a549953df2a05ed80.webp?1760258332
8,https://online.fliphtml5.com/bhartistockcorner/nguk/files/large/2148c3ffda8f1d4a4215346a223c3741.webp?1760258332
9,https://online.fliphtml5.com/bhartistockcorner/nguk/files/large/763602f082a63d15402702e53554f1d1.webp?1760258332
10,https://online.fliphtml5.com/bhartistockcorner/nguk/files/large/ce298365b8067dc2d210557d829cb7d4.webp?1760258332
11,https://online.fliphtml5.com/bhartistockcorner/nguk/files/large/dd839c0d96fc55b1d866b83d2e8bc4ed.webp?1760258332
12,https://online.fliphtml5.com/bhartistockcorner/nguk/files/large/0cc1118556fca99696d04bae3b4085b1.webp?1760258332
13,https://online.fliphtml5.com/bhartistockcorner/nguk/files/large/35d024f8d67c55a07f0b9234e88cf92f.webp?1760258332
14,https://online.fliphtml5.com/bhartistockcorner/nguk/files/large/58109056464343193d254d062bd6e408.webp?1760258332
15,https://online.fliphtml5.com/bhartistockcorner/nguk/files/large/a7e3e8b968d46c23a20a1cbe64b76589.webp?1760258332
16,https://online.fliphtml5.com/bhartistockcorner/nguk/files/large/8b91f05fbe1d50ca499d79fcb638431c.webp?1760258332
17,https://online.fliphtml5.com/bhartistockcorner/nguk/files/large/b03480bdf44fca243f3b251bc13e8dca.webp?1760258332
18,https://online.fliphtml5.com/bhartistockcorner/nguk/files/large/cce6b2f02991b2eea406b60584e5cfec.webp?1760258332
19,https://online.fliphtml5.com/bhartistockcorner/nguk/files/large/4a8f9dc46b96d846cf4e7470c20f7b9d.webp?1760258332
20,https://online.fliphtml5.com/bhartistockcorner/nguk/files/large/e9316b165631bf6fa18ce8eee3263516.webp?1760258332
21,https://online.fliphtml5.com/bhartistockcorner/nguk/files/large/5afac37ff7e4bc861b59e4f5311cd1dc.webp?1760258332
22,https://online.fliphtml5.com/bhartistockcorner/nguk/files/large/65290ef36a4ed8608f284365fedfa006.webp?1760258332
23,https://online.fliphtml5.com/bhartistockcorner/nguk/files/large/3c29f632015550c8fa7db5c7bdb9e875.webp?1760258332
24,https://online.fliphtml5.com/bhartistockcorner/nguk/files/large/ef2e8c425d885119432dee6d568d0475.webp?1760258332
25,https://online.fliphtml5.com/bhartistockcorner/nguk/files/large/b9d99a3fd7142888ada7d9a45ce3e36a.webp?1760258332
26,https://online.fliphtml5.com/bhartistockcorner/nguk/files/large/98d054ac0869dd6016d90fc57b44f4c0.webp?1760258332
27,https://online.fliphtml5.com/bhartistockcorner/nguk/files/large/4c9398a668c4fafe31552adc4b61a636.webp?1760258332
28,https://online.fliphtml5.com/bhartistockcorner/nguk/files/large/d47ed4d39852f99e2fe65e14c08892c0.webp?1760258332
29,https://online.fliphtml5.com/bhartistockcorner/nguk/files/large/9af65f84f93822cb3651f0b9b2668b57.webp?1760258332
30,https://online.fliphtml5.com/bhartistockcorner/nguk/files/large/c252bde6dabc3b2c98e2b47289693132.webp?1760258332
31,https://online.fliphtml5.com/bhartistockcorner/nguk/files/large/c67d61e18d924ba2de2c58a0ae174a5f.webp?1760258332
32,https://online.fliphtml5.com/bhartistockcorner/nguk/files/large/d48d5d8c5e909b0aca0a1dc44342ba89.webp?1760258332
33,https://online.fliphtml5.com/bhartistockcorner/nguk/files/large/337027fa2ffe3d1723be028b684a1d21.webp?1760258332
34,https://online.fliphtml5.com/bhartistockcorner/nguk/files/large/ebfb8fbdbc65bd498435f7306f78ce06.webp?1760258332
35,https://online.fliphtml5.com/bhartistockcorner/nguk/files/large/29079bd9a5b4cc51af39ee3c35c18069.webp?1760258332
36,https://online.fliphtml5.com/bhartistockcorner/nguk/files/large/2b82a3ecb33cb6289347d8805a33b66a.webp?1760258332
37,https://online.fliphtml5.com/bhartistockcorner/nguk/files/large/032b4374a114f6de80903778e4a3db5c.webp?1760258332
38,https://online.fliphtml5.com/bhartistockcorner/nguk/files/large/2e6824fe1a45778a6304d8a5a4d22e4b.webp?1760258332
39,https://online.fliphtml5.com/bhartistockcorner/nguk/files/large/8999f8ce44e7a60669bcddab2a5b58df.webp?1760258332
40,https://online.fliphtml5.com/bhartistockcorner/nguk/files/large/9aa8908500b5af2b2c108964cf87fa0b.webp?1760258332
41,https://online.fliphtml5.com/bhartistockcorner/nguk/files/large/196eec58f01a94c9d4de14ae67d4a54d.webp?1760258332
42,https://online.fliphtml5.com/bhartistockcorner/nguk/files/large/8bf6defd9129a1bc1c741bc047aff480.webp?1760258332
43,https://online.fliphtml5.com/bhartistockcorner/nguk/files/large/98959d165d0f994c3ba2901dc4cdf861.webp?1760258332
44,https://online.fliphtml5.com/bhartistockcorner/nguk/files/large/9fe1857abad0c7878105e9e0d0f47dec.webp?1760258332
45,https://online.fliphtml5.com/bhartistockcorner/nguk/files/large/837df32ec275b8a54e6eb11dfa0b7595.webp?1760258332
46,https://online.fliphtml5.com/bhartistockcorner/nguk/files/large/a6e82e49f9b4400ba0d5b51ebe554835.webp?1760258332
47,https://online.fliphtml5.com/bhartistockcorner/nguk/files/large/c160dd58b896cff955a99e4bed99cddc.webp?1760258332
48,https://online.fliphtml5.com/bhartistockcorner/nguk/files/large/5e3ee3a3d7ab27d84457f8a528c8a2e5.webp?1760258332
49,https://online.fliphtml5.com/bhartistockcorner/nguk/files/large/f1d2138b7ba82056bda6d2d9e21fa84d.webp?1760258332
50,https://online.fliphtml5.com/bhartistockcorner/nguk/files/large/7fe6b37a1e6dce60ecfad709a468eea6.webp?1760258332
51,https://online.fliphtml5.com/bhartistockcorner/nguk/files/large/2b92c7448d874176b2704d5ce10fc3fa.webp?1760258332
52,https://online.fliphtml5.com/bhartistockcorner/nguk/files/large/2f6fe13044d41f04b35f85644f2a4b90.webp?1760258332
53,https://online.fliphtml5.com/bhartistockcorner/nguk/files/large/fd0e6ef3f843e3f71047dcc669542009.webp?1760258332
54,https://online.fliphtml5.com/bhartistockcorner/nguk/files/large/6996744229ad6bf0e292897088ef3ee1.webp?1760258332
55,https://online.fliphtml5.com/bhartistockcorner/nguk/files/large/609caa3abf2149167846099dab3c8e18.webp?1760258332
56,https://online.fliphtml5.com/bhartistockcorner/nguk/files/large/19680281a86343f4a51ad4f45090c12a.webp?1760258332
57,https://online.fliphtml5.com/bhartistockcorner/nguk/files/large/ab02baa47c2198d79fca194e8584c63b.webp?1760258332
58,https://online.fliphtml5.com/bhartistockcorner/nguk/files/large/c162568c1a3d2428e4ee1c94e2ee382b.webp?1760258332
59,https://online.fliphtml5.com/bhartistockcorner/nguk/files/large/b92cae756f4b0e60cc0f49c7d9897745.webp?1760258332
60,https://online.fliphtml5.com/bhartistockcorner/nguk/files/large/769b702c6067d4523afe88e1dfb26507.webp?1760258332
61,https://online.fliphtml5.com/bhartistockcorner/nguk/files/large/4fd138ff0a0cda26fb4e60ae9b327281.webp?1760258332
62,https://online.fliphtml5.com/bhartistockcorner/nguk/files/large/78c25fa7f5ea818679fce60ea64e80f9.webp?1760258332
63,https://online.fliphtml5.com/bhartistockcorner/nguk/files/large/990103c094ff131f8ab4c29e0eeb3b76.webp?1760258332
64,https://online.fliphtml5.com/bhartistockcorner/nguk/files/large/1fc56775e1f53be0cb919f2aec7f642b.webp?1760258332
65,https://online.fliphtml5.com/bhartistockcorner/nguk/files/large/c9b84dca2ee55045283643b781a1aa13.webp?1760258332
66,https://online.fliphtml5.com/bhartistockcorner/nguk/files/large/5c5f33c1deade1ceb6cc78bdb5bebfdd.webp?1760258332
67,https://online.fliphtml5.com/bhartistockcorner/nguk/files/large/a62f9bcc018375e97012092cdc25bb52.webp?1760258332
68,https://online.fliphtml5.com/bhartistockcorner/nguk/files/large/bc8b66be53341ac091ed7e56531db058.webp?1760258332
69,https://online.fliphtml5.com/bhartistockcorner/nguk/files/large/0ea4fbc87e1371516d011d00a4ded487.webp?1760258332
70,https://online.fliphtml5.com/bhartistockcorner/nguk/files/large/b82080daee4c5d273961387d2b0ed2e6.webp?1760258332
71,https://online.fliphtml5.com/bhartistockcorner/nguk/files/large/3fa5423b52567cb435ee307c73ea3ab9.webp?1760258332
72,https://online.fliphtml5.com/bhartistockcorner/nguk/files/large/385a56f4b5960a75e1b0c5a60f9874e4.webp?1760258332
73,https://online.fliphtml5.com/bhartistockcorner/nguk/files/large/31468ca86ced74cf1626e079210e8198.webp?1760258332
74,https://online.fliphtml5.com/bhartistockcorner/nguk/files/large/e653ebee2d3b748d7702fda45c665487.webp?1760258332
75,https://online.fliphtml5.com/bhartistockcorner/nguk/files/large/e82c89cde3ba53f1ac1126e499b18991.webp?1760258332
76,https://online.fliphtml5.com/bhartistockcorner/nguk/files/large/0aaa0b9c0339b84b0dde5ee7a2d417ec.webp?1760258332
77,https://online.fliphtml5.com/bhartistockcorner/nguk/files/large/79d1e1eb567d1f67d31174210c986ef5.webp?1760258332
78,https://online.fliphtml5.com/bhartistockcorner/nguk/files/large/ef07f858a09ffe5491959e4fffe5166a.webp?1760258332
79,https://online.fliphtml5.com/bhartistockcorner/nguk/files/large/58ad73711f0bc2e9752dd3502601443e.webp?1760258332
80,https://online.fliphtml5.com/bhartistockcorner/nguk/files/large/f1c61e73712efd247fb178506b518f53.webp?1760258332
81,https://online.fliphtml5.com/bhartistockcorner/nguk/files/large/c284ca77f5ecea7f87bd928aabb3df0f.webp?1760258332
82,https://online.fliphtml5.com/bhartistockcorner/nguk/files/large/b45253fde76ee18e7d592554527e8e42.webp?1760258332
83,https://online.fliphtml5.com/bhartistockcorner/nguk/files/large/a6be25368d8682aa8128e0b8b8440beb.webp?1760258332
84,https://online.fliphtml5.com/bhartistockcorner/nguk/files/large/691aa132f08c503ffc68641e2c2bae53.webp?1760258332
85,https://online.fliphtml5.com/bhartistockcorner/nguk/files/large/45739db296c0f307b15e8755a35f18c6.webp?1760258332
86,https://online.fliphtml5.com/bhartistockcorner/nguk/files/large/b30291e470bd1e7abdd974b73e5cea4b.webp?1760258332
87,https://online.fliphtml5.com/bhartistockcorner/nguk/files/large/515ce630dedbbbc374f05250619bc136.webp?1760258332
88,https://online.fliphtml5.com/bhartistockcorner/nguk/files/large/5664e4ad0aa8717791b25f1b1c04cb8e.webp?1760258332
89,https://online.fliphtml5.com/bhartistockcorner/nguk/files/large/467129a240d9f6c9c89ab307cc2c7789.webp?1760258332
90,https://online.fliphtml5.com/bhartistockcorner/nguk/files/large/a31b32907b82adbb277e50a9525445eb.webp?1760258332
91,https://online.fliphtml5.com/bhartistockcorner/nguk/files/large/d710cc55e801255842642a94d717102a.webp?1760258332
92,https://online.fliphtml5.com/bhartistockcorner/nguk/files/large/58195cc3636440336347509cf5e99914.webp?1760258332
93,https://online.fliphtml5.com/bhartistockcorner/nguk/files/large/0e700501b1c1bfbfe52f2cfc94587204.webp?1760258332
94,https://online.fliphtml5.com/bhartistockcorner/nguk/files/large/57738ce07565c5725b400f52e30f6ee4.webp?1760258332
95,https://online.fliphtml5.com/bhartistockcorner/nguk/files/large/06f9d5076b2c5c0a7a16ad76c421b128.webp?1760258332
96,https://online.fliphtml5.com/bhartistockcorner/nguk/files/large/c3c7affb732523e60c738bb3eb339e10.webp?1760258332
97,https://online.fliphtml5.com/bhartistockcorner/nguk/files/large/ee3537c437145dcdabad2972d219a480.webp?1760258332
98,https://online.fliphtml5.com/bhartistockcorner/nguk/files/large/f759e263cae7be2ae3b8179cccd058b2.webp?1760258332
99,https://online.fliphtml5.com/bhartistockcorner/nguk/files/large/0cf8b1a64f0f2d798dca16742f0d9f00.webp?1760258332
100,https://online.fliphtml5.com/bhartistockcorner/nguk/files/large/3306d52af7b018720e9302855339168e.webp?1760258332
101,https://online.fliphtml5.com/bhartistockcorner/nguk/files/large/831d48d47d1b611d1a7bdf8ce76fc5cb.webp?1760258332
102,https://online.fliphtml5.com/bhartistockcorner/nguk/files/large/8666fb7adacb5b0d57c1a27852d973e1.webp?1760258332
103,https://online.fliphtml5.com/bhartistockcorner/nguk/files/large/5f2f052dd1761b46525b57c211bd0415.webp?1760258332
104,https://online.fliphtml5.com/bhartistockcorner/nguk/files/large/f9c8425218c6095224f4d4c704a36f54.webp?1760258332
105,https://online.fliphtml5.com/bhartistockcorner/nguk/files/large/7e764a76e18809f9daa160c578190f94.webp?1760258332
106,https://online.fliphtml5.com/bhartistockcorner/nguk/files/large/8c84efd9b15c20487dc629f78b08971a.webp?1760258332
107,https://online.fliphtml5.com/bhartistockcorner/nguk/files/large/c279c2e97a239420b4e1d7f5397dba94.webp?1760258332
108,https://online.fliphtml5.com/bhartistockcorner/nguk/files/large/ec6b482029e9888285656f44a97e5ea8.webp?1760258332
109,https://online.fliphtml5.com/bhartistockcorner/nguk/files/large/399c9d944d571086ca128f831c914d89.webp?1760258332
110,https://online.fliphtml5.com/bhartistockcorner/nguk/files/large/e4a0a9232479138fa8f11b251f0bfb8f.webp?1760258332
111,https://online.fliphtml5.com/bhartistockcorner/nguk/files/large/2d54ee8e082e3ad97872dff7545a00c6.webp?1760258332
112,https://online.fliphtml5.com/bhartistockcorner/nguk/files/large/4b5a6f0f262da72cf6555bdbdb85e4b7.webp?1760258332
113,https://online.fliphtml5.com/bhartistockcorner/nguk/files/large/c767f259435a5fc21cf8c9a529bee164.webp?1760258332
114,https://online.fliphtml5.com/bhartistockcorner/nguk/files/large/386f4abff64a7f5ca4397e514951d3e8.webp?1760258332
115,https://online.fliphtml5.com/bhartistockcorner/nguk/files/large/bb5a0cafc442307ee8c986152af7d8e8.webp?1760258332
116,https://online.fliphtml5.com/bhartistockcorner/nguk/files/large/067d671f3096ec986b0007c59edec37e.webp?1760258332
117,https://online.fliphtml5.com/bhartistockcorner/nguk/files/large/f14d849382be7e5d15c529a4983fbf39.webp?1760258332
118,https://online.fliphtml5.com/bhartistockcorner/nguk/files/large/59ff4c9126d6dc633d70b77703e4a97a.webp?1760258332
119,https://online.fliphtml5.com/bhartistockcorner/nguk/files/large/201b501310965ea03c404838c60718fa.webp?1760258332
120,https://online.fliphtml5.com/bhartistockcorner/nguk/files/large/34ebcc1cdb46da1d7fb3d7bbc84c065d.webp?1760258332
121,https://online.fliphtml5.com/bhartistockcorner/nguk/files/large/37248ca0e7be5584500e9c94342e0b40.webp?1760258332
122,https://online.fliphtml5.com/bhartistockcorner/nguk/files/large/2b0e61238ad167e6ca8713e7db4bc543.webp?1760258332
123,https://online.fliphtml5.com/bhartistockcorner/nguk/files/large/6f72700de8c6dece972481527cc0a577.webp?1760258332
124,https://online.fliphtml5.com/bhartistockcorner/nguk/files/large/d79705e88d4e86c0d8f7e290cd0b7fa5.webp?1760258332
125,https://online.fliphtml5.com/bhartistockcorner/nguk/files/large/1883748559ce42635ad808e9c53baf68.webp?1760258332
126,https://online.fliphtml5.com/bhartistockcorner/nguk/files/large/2e94478fc98db4bfb3167afabfb4e0ec.webp?1760258332
127,https://online.fliphtml5.com/bhartistockcorner/nguk/files/large/634252b5e4645033f8a669c234de3a21.webp?1760258332
128,https://online.fliphtml5.com/bhartistockcorner/nguk/files/large/d82bb862c6a01138c7491d59009de1cf.webp?1760258332
129,https://online.fliphtml5.com/bhartistockcorner/nguk/files/large/00a29719c918daaa9cecc35f80319852.webp?1760258332
130,https://online.fliphtml5.com/bhartistockcorner/nguk/files/large/3990f1a2c6b6e50b438f276d346de7d3.webp?1760258332
131,https://online.fliphtml5.com/bhartistockcorner/nguk/files/large/57b61895a96489c1903728eb355d055c.webp?1760258332
132,https://online.fliphtml5.com/bhartistockcorner/nguk/files/large/9e47f63ec50232eaf8d1d94c52f1329b.webp?1760258332
133,https://online.fliphtml5.com/bhartistockcorner/nguk/files/large/7efc616c2e628f346178bb28e32dd96b.webp?1760258332
134,https://online.fliphtml5.com/bhartistockcorner/nguk/files/large/b49dff0628aef179b5a3439ae94bc8a3.webp?1760258332
135,https://online.fliphtml5.com/bhartistockcorner/nguk/files/large/2dc6077103a04b895cd0a6c605eeced0.webp?1760258332
136,https://online.fliphtml5.com/bhartistockcorner/nguk/files/large/af6dd0ab91eb9dbaddc95e00efc146d9.webp?1760258332
137,https://online.fliphtml5.com/bhartistockcorner/nguk/files/large/44cfc3362467a181eda75fba9b7ab1b6.webp?1760258332
138,https://online.fliphtml5.com/bhartistockcorner/nguk/files/large/37b3bd31a0c67b32589696160430eff0.webp?1760258332
139,https://online.fliphtml5.com/bhartistockcorner/nguk/files/large/cf20ea44850b1a3a80ba3a0002c686d7.webp?1760258332
140,https://online.fliphtml5.com/bhartistockcorner/nguk/files/large/2f13f70bc88bb2641577c1545c487d64.webp?1760258332
141,https://online.fliphtml5.com/bhartistockcorner/nguk/files/large/c30f0f1a85c854fd694e3324ba978d85.webp?1760258332
142,https://online.fliphtml5.com/bhartistockcorner/nguk/files/large/e52c1ee6f2cdd987833c119bfdc291b0.webp?1760258332
143,https://online.fliphtml5.com/bhartistockcorner/nguk/files/large/32e82b6a547dd6ac8b45efd41f077294.webp?1760258332
144,https://online.fliphtml5.com/bhartistockcorner/nguk/files/large/d892da24bb4c2132f759d4c699e34e5b.webp?1760258332
145,https://online.fliphtml5.com/bhartistockcorner/nguk/files/large/208371f8145333eeffc2a06670545275.webp?1760258332
146,https://online.fliphtml5.com/bhartistockcorner/nguk/files/large/30c1578454e572aa67329edecc181047.webp?1760258332
147,https://online.fliphtml5.com/bhartistockcorner/nguk/files/large/603fdb9ac8dbe1d5911ed48beeda3935.webp?1760258332
148,https://online.fliphtml5.com/bhartistockcorner/nguk/files/large/fc84c37de836e744c9bcf88e3f98d37f.webp?1760258332
149,https://online.fliphtml5.com/bhartistockcorner/nguk/files/large/62844c87d077373f7b03ddc0441f70d0.webp?1760258332
150,https://online.fliphtml5.com/bhartistockcorner/nguk/files/large/f7db436e1a4a1af06d46e87fca02571e.webp?1760258332
151,https://online.fliphtml5.com/bhartistockcorner/nguk/files/large/bdd780c4af84db70c0b1910f231c0082.webp?1760258332
152,https://online.fliphtml5.com/bhartistockcorner/nguk/files/large/82e6f9daec36c1ced5b38349a957908c.webp?1760258332
153,https://online.fliphtml5.com/bhartistockcorner/nguk/files/large/0577d06d6133c85533813a16525ff0cc.webp?1760258332
154,https://online.fliphtml5.com/bhartistockcorner/nguk/files/large/b9a35984ec6d0293bc4ea48ce733e90f.webp?1760258332
155,https://online.fliphtml5.com/bhartistockcorner/nguk/files/large/fa5e93797a1483558eecf058d2bbd7fe.webp?1760258332
156,https://online.fliphtml5.com/bhartistockcorner/nguk/files/large/3275cdf66a3f91b490ffc9f7687e5762.webp?1760258332
157,https://online.fliphtml5.com/bhartistockcorner/nguk/files/large/f243a0d35b84525d129f29aff464962c.webp?1760258332
158,https://online.fliphtml5.com/bhartistockcorner/nguk/files/large/014f2422402d57d3155baa01c9456cb4.webp?1760258332
159,https://online.fliphtml5.com/bhartistockcorner/nguk/files/large/89c5ac99f88ce6c63467daa2d9776c80.webp?1760258332
160,https://online.fliphtml5.com/bhartistockcorner/nguk/files/large/d77e70c7645a441067caa97d2188f2bc.webp?1760258332
161,https://online.fliphtml5.com/bhartistockcorner/nguk/files/large/fd817a83b1a11f1450289849d20ad9b5.webp?1760258332
162,https://online.fliphtml5.com/bhartistockcorner/nguk/files/large/5793f441a25acf8deb2210b8de7f6b5b.webp?1760258332
163,https://online.fliphtml5.com/bhartistockcorner/nguk/files/large/1944bdca974422d2e66a2ec0da3b39d2.webp?1760258332
164,https://online.fliphtml5.com/bhartistockcorner/nguk/files/large/922378d6e8b64888e043b6c20ffed976.webp?1760258332
165,https://online.fliphtml5.com/bhartistockcorner/nguk/files/large/2ae33a5bf53779705b082dc8ee8ac4ca.webp?1760258332
166,https://online.fliphtml5.com/bhartistockcorner/nguk/files/large/c8067c5e39178f19933a813bfc68bfd8.webp?1760258332
167,https://online.fliphtml5.com/bhartistockcorner/nguk/files/large/e74ed0c211a86dfcaaabb57ff88f6740.webp?1760258332
168,https://online.fliphtml5.com/bhartistockcorner/nguk/files/large/4b77b8a01bc02366039df71c11783de5.webp?1760258332
169,https://online.fliphtml5.com/bhartistockcorner/nguk/files/large/a27769ddc5496974eb780e20be73c23e.webp?1760258332
170,https://online.fliphtml5.com/bhartistockcorner/nguk/files/large/cc22ffce61903a766271dfe60027d5a0.webp?1760258332
171,https://online.fliphtml5.com/bhartistockcorner/nguk/files/large/c951a5beef82e7e8f093babaa9e681d5.webp?1760258332
172,https://online.fliphtml5.com/bhartistockcorner/nguk/files/large/fd6bd1d7f56233374f43336ae16f72a0.webp?1760258332
173,https://online.fliphtml5.com/bhartistockcorner/nguk/files/large/4e6a1ba6a20e6fa54936657f82e58dff.webp?1760258332
174,https://online.fliphtml5.com/bhartistockcorner/nguk/files/large/91669579961e523cb0c1bc5edfac386f.webp?1760258332
175,https://online.fliphtml5.com/bhartistockcorner/nguk/files/large/dd516420338e727dc8c4de12cd3454e4.webp?1760258332
176,https://online.fliphtml5.com/bhartistockcorner/nguk/files/large/1dc0d23ec938a364bcee5a73eb3ca237.webp?1760258332
177,https://online.fliphtml5.com/bhartistockcorner/nguk/files/large/9b78852026dd794ff1e41e0d04b07260.webp?1760258332
178,https://online.fliphtml5.com/bhartistockcorner/nguk/files/large/08ab60d437fb3f221ee38dd6644d2765.webp?1760258332
179,https://online.fliphtml5.com/bhartistockcorner/nguk/files/large/8b7feaf318c0feca8dfb12d6234b6767.webp?1760258332
180,https://online.fliphtml5.com/bhartistockcorner/nguk/files/large/cd071dff201838ee5b80e7acd920c773.webp?1760258332
181,https://online.fliphtml5.com/bhartistockcorner/nguk/files/large/1e29f013e2bea30eb8f1483d92154e48.webp?1760258332
182,https://online.fliphtml5.com/bhartistockcorner/nguk/files/large/7efc1e9fc66abe3fe37199876fa701bd.webp?1760258332
183,https://online.fliphtml5.com/bhartistockcorner/nguk/files/large/20adf7c75d080d12b6c1821cb87c10df.webp?1760258332
184,https://online.fliphtml5.com/bhartistockcorner/nguk/files/large/c2005eb34637a3b969e1682e83aa1f6d.webp?1760258332
185,https://online.fliphtml5.com/bhartistockcorner/nguk/files/large/87c7e5f4554bcb47f136e480fb6bc8be.webp?1760258332
186,https://online.fliphtml5.com/bhartistockcorner/nguk/files/large/5ef03326e4664e0d9be69380e9d0a960.webp?1760258332
187,https://online.fliphtml5.com/bhartistockcorner/nguk/files/large/eda66117ecf6213fe35d9c821e5a1c02.webp?1760258332
188,https://online.fliphtml5.com/bhartistockcorner/nguk/files/large/26c96f1603d54e6ea8b8036efb513915.webp?1760258332
189,https://online.fliphtml5.com/bhartistockcorner/nguk/files/large/75f91c408480679d542b6efebef91064.webp?1760258332
190,https://online.fliphtml5.com/bhartistockcorner/nguk/files/large/73e9894cfa496492decec0a7608442bc.webp?1760258332
191,https://online.fliphtml5.com/bhartistockcorner/nguk/files/large/ab8586193c3cfe72bbb7c496a8eb844f.webp?1760258332
192,https://online.fliphtml5.com/bhartistockcorner/nguk/files/large/4884f9c67ed2254364c0efbf9671c13d.webp?1760258332
193,https://online.fliphtml5.com/bhartistockcorner/nguk/files/large/c2a0e0cf4861d37f01ad980f2133be2b.webp?1760258332
194,https://online.fliphtml5.com/bhartistockcorner/nguk/files/large/c4b128c944ecc3e53a74a8d530711644.webp?1760258332
195,https://online.fliphtml5.com/bhartistockcorner/nguk/files/large/0c13d3324e98ee59189026fc3fa9d0ea.webp?1760258332
196,https://online.fliphtml5.com/bhartistockcorner/nguk/files/large/23135a40eaa47a51efc14ea28ff2541b.webp?1760258332
197,https://online.fliphtml5.com/bhartistockcorner/nguk/files/large/fe43f1a4fbe13afc0d34e8b72aeb8ff2.webp?1760258332
198,https://online.fliphtml5.com/bhartistockcorner/nguk/files/large/48e8b9576a8aa7b8b058b9cceaacb58d.webp?1760258332
199,https://online.fliphtml5.com/bhartistockcorner/nguk/files/large/5d68f635d44b07f685a2cd04a04dd552.webp?1760258332
200,https://online.fliphtml5.com/bhartistockcorner/nguk/files/large/5ee786ca5f088f1ae4768dc8d163ff1d.webp?1760258332
201,https://online.fliphtml5.com/bhartistockcorner/nguk/files/large/8142e9bdda691d822f083cacdd579903.webp?1760258332
202,https://online.fliphtml5.com/bhartistockcorner/nguk/files/large/a5527c9e960592a1e15ee4413495fdeb.webp?1760258332
203,https://online.fliphtml5.com/bhartistockcorner/nguk/files/large/52ee692f21bf5f0df3e1b53e19f47887.webp?1760258332
204,https://online.fliphtml5.com/bhartistockcorner/nguk/files/large/c8c7cbfa164a0c4abb49120e009a1634.webp?1760258332
205,https://online.fliphtml5.com/bhartistockcorner/nguk/files/large/3feb0017328f9f373879b04e3b82b3da.webp?1760258332
206,https://online.fliphtml5.com/bhartistockcorner/nguk/files/large/53bf4d43fb393f1a7f99035c5ab30f38.webp?1760258332
207,https://online.fliphtml5.com/bhartistockcorner/nguk/files/large/14aea6894e62eb95df6c4f0b6d2381e0.webp?1760258332
208,https://online.fliphtml5.com/bhartistockcorner/nguk/files/large/6488d490ae76abfd010c5848d86b78ea.webp?1760258332
209,https://online.fliphtml5.com/bhartistockcorner/nguk/files/large/5c4483248ccda41191562922b0702af8.webp?1760258332
210,https://online.fliphtml5.com/bhartistockcorner/nguk/files/large/0076104304dfd5aa36ff918c6bfdd4c0.webp?1760258332
211,https://online.fliphtml5.com/bhartistockcorner/nguk/files/large/302ac4fa45d1b243681343d367d56500.webp?1760258332
212,https://online.fliphtml5.com/bhartistockcorner/nguk/files/large/357341532df43c6308b36acb87b2b775.webp?1760258332
213,https://online.fliphtml5.com/bhartistockcorner/nguk/files/large/a9a7c12fadad1ea648d8ede05ebe5a4a.webp?1760258332
214,https://online.fliphtml5.com/bhartistockcorner/nguk/files/large/bfd3f6b2eb7c204e06f040e97c81c4e2.webp?1760258332
215,https://online.fliphtml5.com/bhartistockcorner/nguk/files/large/a8dfc671f295bb920ebfa4fca1c74e4f.webp?1760258332
216,https://online.fliphtml5.com/bhartistockcorner/nguk/files/large/b1118e726ac1cfdf5a74e10d8fd094ed.webp?1760258332
217,https://online.fliphtml5.com/bhartistockcorner/nguk/files/large/57628ad8747fe5a812200ba01318bf89.webp?1760258332
218,https://online.fliphtml5.com/bhartistockcorner/nguk/files/large/649e4e3ac43b8c23df33802b0cf5259a.webp?1760258332
219,https://online.fliphtml5.com/bhartistockcorner/nguk/files/large/21dad65a7c02c7502c13bdf4f2bd0047.webp?1760258332
220,https://online.fliphtml5.com/bhartistockcorner/nguk/files/large/88d316ae4f3d9b5723d052b55ccbb2c8.webp?1760258332
221,https://online.fliphtml5.com/bhartistockcorner/nguk/files/large/8a1d3801fdacafa9aa671d8f7e9f6bb0.webp?1760258332
222,https://online.fliphtml5.com/bhartistockcorner/nguk/files/large/78c453c933aa3cc7393d8ba8a97367d8.webp?1760258332
223,https://online.fliphtml5.com/bhartistockcorner/nguk/files/large/ccd4bed6c51240ea632996e980ac59ca.webp?1760258332
224,https://online.fliphtml5.com/bhartistockcorner/nguk/files/large/27c66cbd842fef0762042849f30fa0f8.webp?1760258332
225,https://online.fliphtml5.com/bhartistockcorner/nguk/files/large/5580a5e12174106979c7d761a41ce79e.webp?1760258332
226,https://online.fliphtml5.com/bhartistockcorner/nguk/files/large/9640624531e6316403776c3765bc52a8.webp?1760258332
227,https://online.fliphtml5.com/bhartistockcorner/nguk/files/large/28f056de1a3cd856b14c5418ef90fad1.webp?1760258332
228,https://online.fliphtml5.com/bhartistockcorner/nguk/files/large/b97c02c956f7459a4eef53e56fe65a1d.webp?1760258332
229,https://online.fliphtml5.com/bhartistockcorner/nguk/files/large/1c07e5210af0bc3f4c923da1d1c475cd.webp?1760258332
230,https://online.fliphtml5.com/bhartistockcorner/nguk/files/large/765c91ef5999186c6add10dd46a562d3.webp?1760258332
231,https://online.fliphtml5.com/bhartistockcorner/nguk/files/large/aabde857dec6f62f10ec0e53d099382b.webp?1760258332
232,https://online.fliphtml5.com/bhartistockcorner/nguk/files/large/582cfad0d520e79779ab8f0b0e0ae3cb.webp?1760258332
233,https://online.fliphtml5.com/bhartistockcorner/nguk/files/large/c53b7b29429053f8f63228a9d6c5ef69.webp?1760258332
234,https://online.fliphtml5.com/bhartistockcorner/nguk/files/large/84307685d69b0c0c3cd7023380e06533.webp?1760258332
235,https://online.fliphtml5.com/bhartistockcorner/nguk/files/large/33ebd0584b00a5e8492aff1c09609da0.webp?1760258332
236,https://online.fliphtml5.com/bhartistockcorner/nguk/files/large/d0fe3422f640149dab8150a0a49fca5c.webp?1760258332
237,https://online.fliphtml5.com/bhartistockcorner/nguk/files/large/8ebb96d3a6ece291a184b0a5c4705a6d.webp?1760258332
238,https://online.fliphtml5.com/bhartistockcorner/nguk/files/large/4a3d190136cfef84839f0dd6b9902a0e.webp?1760258332
239,https://online.fliphtml5.com/bhartistockcorner/nguk/files/large/3dfa8a0bf1cbe8d46a48196a84f02254.webp?1760258332
240,https://online.fliphtml5.com/bhartistockcorner/nguk/files/large/8f54b5e8e1d10afc5ca92f1acb3a1fb4.webp?1760258332
241,https://online.fliphtml5.com/bhartistockcorner/nguk/files/large/bd4a2d80fb6cde6ddd7b94a94ebba0ec.webp?1760258332
242,https://online.fliphtml5.com/bhartistockcorner/nguk/files/large/cd4a299352b7ffa0c3f121c59c6ec8d2.webp?1760258332
243,https://online.fliphtml5.com/bhartistockcorner/nguk/files/large/a6612e029f141950fc3d9014c94bdc78.webp?1760258332
244,https://online.fliphtml5.com/bhartistockcorner/nguk/files/large/8615fb05a74b8435b3d073eb0a90b356.webp?1760258332
245,https://online.fliphtml5.com/bhartistockcorner/nguk/files/large/fc7297f31942a21d6aaccc9e256788fe.webp?1760258332
246,https://online.fliphtml5.com/bhartistockcorner/nguk/files/large/e27d7fd729c407be8dc5544744e48308.webp?1760258332
247,https://online.fliphtml5.com/bhartistockcorner/nguk/files/large/83a1d980f3c2a6c66c6f31acf632f302.webp?1760258332
248,https://online.fliphtml5.com/bhartistockcorner/nguk/files/large/561d3f370a1328f2ccb00bc8f555410a.webp?1760258332
249,https://online.fliphtml5.com/bhartistockcorner/nguk/files/large/1c7bf0032ebe9a0689a62e73ba082653.webp?1760258332
250,https://online.fliphtml5.com/bhartistockcorner/nguk/files/large/2da761ce7799c64aefdca790e3524e31.webp?1760258332
251,https://online.fliphtml5.com/bhartistockcorner/nguk/files/large/6f323740610c302249d98bbf682c10b9.webp?1760258332
252,https://online.fliphtml5.com/bhartistockcorner/nguk/files/large/b2616a7a545138936ee85f1ddc6e0911.webp?1760258332
253,https://online.fliphtml5.com/bhartistockcorner/nguk/files/large/6a61e7e254e0eac79086b2fecb22dcc5.webp?1760258332
254,https://online.fliphtml5.com/bhartistockcorner/nguk/files/large/57e54469df669c8b9e1029c45cdf625d.webp?1760258332
255,https://online.fliphtml5.com/bhartistockcorner/nguk/files/large/c943fc0e5dd87179a0693238ab6d06f9.webp?1760258332
256,https://online.fliphtml5.com/bhartistockcorner/nguk/files/large/1e2e2504a2acfe3bd888bf274c487a14.webp?1760258332
257,https://online.fliphtml5.com/bhartistockcorner/nguk/files/large/e252e52d5a43318ee41a908476915095.webp?1760258332
258,https://online.fliphtml5.com/bhartistockcorner/nguk/files/large/eb67fb65a9cfa3b20f103d271a51e060.webp?1760258332
259,https://online.fliphtml5.com/bhartistockcorner/nguk/files/large/1fe60056a380760902564684df17a455.webp?1760258332
260,https://online.fliphtml5.com/bhartistockcorner/nguk/files/large/e39d53aab4e5170e5c1b721682aab057.webp?1760258332
261,https://online.fliphtml5.com/bhartistockcorner/nguk/files/large/a7b7840936ce36dab7653db3406c491e.webp?1760258332
262,https://online.fliphtml5.com/bhartistockcorner/nguk/files/large/fc3c356774a1b19711eb8abef2d6404f.webp?1760258332
263,https://online.fliphtml5.com/bhartistockcorner/nguk/files/large/4acb1751114a80673593f1da596eab82.webp?1760258332
264,https://online.fliphtml5.com/bhartistockcorner/nguk/files/large/378d51388dc3f0a6d98e96f32ec50bad.webp?1760258332
265,https://online.fliphtml5.com/bhartistockcorner/nguk/files/large/6cb5fff892ee14153995dd0e00ffccf8.webp?1760258332
266,https://online.fliphtml5.com/bhartistockcorner/nguk/files/large/685fb3746047aec2c90c652aa92a0c29.webp?1760258332
267,https://online.fliphtml5.com/bhartistockcorner/nguk/files/large/a41881d227eba41711e5ab938c641e38.webp?1760258332
268,https://online.fliphtml5.com/bhartistockcorner/nguk/files/large/cc13a410f4d72fdc41ea4d4b9eb27ee1.webp?1760258332
269,https://online.fliphtml5.com/bhartistockcorner/nguk/files/large/bf97f86c31001259a7ce7ccb458ec3a8.webp?1760258332
270,https://online.fliphtml5.com/bhartistockcorner/nguk/files/large/2ba26667984855236a74d335f11d2929.webp?1760258332
271,https://online.fliphtml5.com/bhartistockcorner/nguk/files/large/a694f6124682f6891aa91ae96f64d159.webp?1760258332
272,https://online.fliphtml5.com/bhartistockcorner/nguk/files/large/a2cf57e4a9e7b4b3b84fb906be87a1c1.webp?1760258332
273,https://online.fliphtml5.com/bhartistockcorner/nguk/files/large/dd495241ea90da011a51f8dc09b2deec.webp?1760258332
274,https://online.fliphtml5.com/bhartistockcorner/nguk/files/large/a0a239331d6f3b3adea6dd131160f775.webp?1760258332
275,https://online.fliphtml5.com/bhartistockcorner/nguk/files/large/c022056a776dd03dc28810c678d7cdad.webp?1760258332
276,https://online.fliphtml5.com/bhartistockcorner/nguk/files/large/cefd5d04c6fa2abfafa1012fbc658bca.webp?1760258332
277,https://online.fliphtml5.com/bhartistockcorner/nguk/files/large/511cb7680eefb6455762cc2715d6cc61.webp?1760258332
278,https://online.fliphtml5.com/bhartistockcorner/nguk/files/large/8a05cf5da0acc9996d9785e6ede78a5f.webp?1760258332
279,https://online.fliphtml5.com/bhartistockcorner/nguk/files/large/2238daf9c210757ffdc3bb9d462fc587.webp?1760258332
280,https://online.fliphtml5.com/bhartistockcorner/nguk/files/large/29258f9626979ce5bc19d88c0c7514d0.webp?1760258332
281,https://online.fliphtml5.com/bhartistockcorner/nguk/files/large/6bb165ab2fda07a04c5abb7692f20487.webp?1760258332
282,https://online.fliphtml5.com/bhartistockcorner/nguk/files/large/1bfa1f170ec6329f3854bdecdb0c3124.webp?1760258332
283,https://online.fliphtml5.com/bhartistockcorner/nguk/files/large/7d0ba3f891e4f1d9ce94b6f2332703bc.webp?1760258332
284,https://online.fliphtml5.com/bhartistockcorner/nguk/files/large/ff4a93dc62f46bbcdd5e7921eb993303.webp?1760258332
285,https://online.fliphtml5.com/bhartistockcorner/nguk/files/large/c3eb018a521e631027f327dda72772ff.webp?1760258332
286,https://online.fliphtml5.com/bhartistockcorner/nguk/files/large/572c42c8e5ec305fbaab5db5d657eef4.webp?1760258332
287,https://online.fliphtml5.com/bhartistockcorner/nguk/files/large/4b31cd884a6475a85d8c23b41bc52980.webp?1760258332
288,https://online.fliphtml5.com/bhartistockcorner/nguk/files/large/5e7495c9004ed315ee95235ca781dd4d.webp?1760258332
289,https://online.fliphtml5.com/bhartistockcorner/nguk/files/large/552c6dd00226b3ca6eabe8cb1b68bdea.webp?1760258332
290,https://online.fliphtml5.com/bhartistockcorner/nguk/files/large/c15adc2bca1e3852f84c3ece19d2d2a2.webp?1760258332
291,https://online.fliphtml5.com/bhartistockcorner/nguk/files/large/e4661d018ee418f587747669a67d2460.webp?1760258332
292,https://online.fliphtml5.com/bhartistockcorner/nguk/files/large/66a6e06dbf846c476e75af8064dd2ea5.webp?1760258332
293,https://online.fliphtml5.com/bhartistockcorner/nguk/files/large/0c45492a11a4f07d4526bf22c6cf2dc4.webp?1760258332
294,https://online.fliphtml5.com/bhartistockcorner/nguk/files/large/7a4ec2421bc8e1f04d2aed026a4d7487.webp?1760258332
295,https://online.fliphtml5.com/bhartistockcorner/nguk/files/large/761946f379f0b17093e68ef6f7de39ce.webp?1760258332
296,https://online.fliphtml5.com/bhartistockcorner/nguk/files/large/e02e173059628e2424126fdc4ccb6ddc.webp?1760258332
297,https://online.fliphtml5.com/bhartistockcorner/nguk/files/large/d6ce2c158dd206ff9e1fa2f6aa1e397a.webp?1760258332
298,https://online.fliphtml5.com/bhartistockcorner/nguk/files/large/fb34c22fb7d2e7ea51276aad0c16ab66.webp?1760258332
299,https://online.fliphtml5.com/bhartistockcorner/nguk/files/large/029cea4f5fa381e8bc2cbdd941d8246d.webp?1760258332
300,https://online.fliphtml5.com/bhartistockcorner/nguk/files/large/1ca4f1d880c6d2cbf45171fc58f3dc77.webp?1760258332
301,https://online.fliphtml5.com/bhartistockcorner/nguk/files/large/f8b6693e48997d86a3f91b87d0a63a21.webp?1760258332
302,https://online.fliphtml5.com/bhartistockcorner/nguk/files/large/b0e3a9f6854982baa91ec7cc6e2b9443.webp?1760258332
303,https://online.fliphtml5.com/bhartistockcorner/nguk/files/large/73f371a5f01042403078a7005cbba437.webp?1760258332
304,https://online.fliphtml5.com/bhartistockcorner/nguk/files/large/c3399288a04ca17cf36dc2bcd987346f.webp?1760258332
305,https://online.fliphtml5.com/bhartistockcorner/nguk/files/large/01d530342644d3742389bb99dd0f51e3.webp?1760258332
306,https://online.fliphtml5.com/bhartistockcorner/nguk/files/large/a74043652ee7053df8b4d331bd47aeee.webp?1760258332
307,https://online.fliphtml5.com/bhartistockcorner/nguk/files/large/b253c03a08ec56a5273220dd7a08a168.webp?1760258332
308,https://online.fliphtml5.com/bhartistockcorner/nguk/files/large/8548c83ae73162735d4a50238a48dd72.webp?1760258332
309,https://online.fliphtml5.com/bhartistockcorner/nguk/files/large/8e5857646577e932f70cc7c0f9b71c00.webp?1760258332
310,https://online.fliphtml5.com/bhartistockcorner/nguk/files/large/af1fd3c31e9965ec71978a897e1c786b.webp?1760258332
311,https://online.fliphtml5.com/bhartistockcorner/nguk/files/large/b2537c550d697479f4ed0b86337e39a9.webp?1760258332
312,https://online.fliphtml5.com/bhartistockcorner/nguk/files/large/8d81e0fabaedd3498dd9c1f6d1b5899d.webp?1760258332
313,https://online.fliphtml5.com/bhartistockcorner/nguk/files/large/8d2c3ed303815e8d8334bb9d6f5806a3.webp?1760258332
314,https://online.fliphtml5.com/bhartistockcorner/nguk/files/large/1d271fafb0511bc9d71f03d5a5de1e85.webp?1760258332
315,https://online.fliphtml5.com/bhartistockcorner/nguk/files/large/122c5f858caa47b1b51b5a06bb8feb47.webp?1760258332
316,https://online.fliphtml5.com/bhartistockcorner/nguk/files/large/dd2af96c202a281127fe67bc5e9adf27.webp?1760258332
317,https://online.fliphtml5.com/bhartistockcorner/nguk/files/large/710b104ad6697395fdfb30f98cba185a.webp?1760258332
318,https://online.fliphtml5.com/bhartistockcorner/nguk/files/large/065a6fd048a5580fff6862e95229d629.webp?1760258332
319,https://online.fliphtml5.com/bhartistockcorner/nguk/files/large/e3357e3a346b6f077bc093a21bdfeafa.webp?1760258332
320,https://online.fliphtml5.com/bhartistockcorner/nguk/files/large/7bd2f5139f81ba794e2ccda6ac1f140d.webp?1760258332
321,https://online.fliphtml5.com/bhartistockcorner/nguk/files/large/af5ec203d3328ea8435ae8bfa0053bb7.webp?1760258332
322,https://online.fliphtml5.com/bhartistockcorner/nguk/files/large/8fceff148de13db4a932633514fb8ba3.webp?1760258332
323,https://online.fliphtml5.com/bhartistockcorner/nguk/files/large/1f3ce8e88bb45402fcb5b83c3a87eec2.webp?1760258332
324,https://online.fliphtml5.com/bhartistockcorner/nguk/files/large/3d1a50053f1caf2aed5d37747319d5b9.webp?1760258332
325,https://online.fliphtml5.com/bhartistockcorner/nguk/files/large/48558cc9198a9873cb3f4d9d42e160b3.webp?1760258332
326,https://online.fliphtml5.com/bhartistockcorner/nguk/files/large/237ae48339eb71e4e5f46e0fac74a4ed.webp?1760258332
327,https://online.fliphtml5.com/bhartistockcorner/nguk/files/large/345142099461bac08f3714078177e965.webp?1760258332
328,https://online.fliphtml5.com/bhartistockcorner/nguk/files/large/fdaa8d3a8bbae281d89fd0d8fd0fbe07.webp?1760258332
329,https://online.fliphtml5.com/bhartistockcorner/nguk/files/large/33cc5ea277995a44bebe8b3268c3e065.webp?1760258332
330,https://online.fliphtml5.com/bhartistockcorner/nguk/files/large/f07bfabc2e20d9ce9f7495cfe216e395.webp?1760258332
331,https://online.fliphtml5.com/bhartistockcorner/nguk/files/large/64acfde8233e18290f8cfd4c2cbc4c22.webp?1760258332
332,https://online.fliphtml5.com/bhartistockcorner/nguk/files/large/e5e688a3abb2dabe8e1dd1f4b6ffdf92.webp?1760258332
333,https://online.fliphtml5.com/bhartistockcorner/nguk/files/large/c40fb223850317a9cd16c760fbfc012f.webp?1760258332
334,https://online.fliphtml5.com/bhartistockcorner/nguk/files/large/8831e7cfb4b200fd271f22de76329828.webp?1760258332
335,https://online.fliphtml5.com/bhartistockcorner/nguk/files/large/968c0f69f6fcfb84b2bc5fdf514693ef.webp?1760258332
336,https://online.fliphtml5.com/bhartistockcorner/nguk/files/large/ac77531a4da9355805f96c27e70df8b6.webp?1760258332